topic_words3,Isamaa ja Res Publica Liidu fraktsioon,Reformierakond,difference
arengufond arengufondi arengufondis,0.0044052863436123,0.0403800475059382,-816.6270783848045
kohtunike kohtususteem kohtuniku,0.0044052863436123,0.0237529691211401,-439.19239904988456
efsf esm kreekale,0.0044052863436123,0.0190023752969121,-331.3539192399081
salvestisi salvestised salvestiste,0.026431718061674,0.0475059382422802,-79.7307996832935
reklaami reklaam alkoholireklaam,0.0044052863436123,0.0166270783847981,-277.43467933491985
moisteid moiste moisted,0.0088105726872246,0.0190023752969121,-115.67695961995406
valimisea valimisiga valimisoiguse,0.0044052863436123,0.01187648456057,-169.59619952494114
tapsustatakse ajakohastatakse nouete,0.0044052863436123,0.01187648456057,-169.59619952494114
arengukavad arengukavade pohialuste,0.0044052863436123,0.01187648456057,-169.59619952494114
valijate erakonda valijaid,0.0044052863436123,0.009501187648456,-115.67695961995292
relva relvade relvaluba,0.0044052863436123,0.009501187648456,-115.67695961995292
vabatahtlike komandode paasteameti,0.0044052863436123,0.009501187648456,-115.67695961995292
kinnisasja maad maa,0.0044052863436123,0.009501187648456,-115.67695961995292
valispoliitika valispoliitikas diplomaatia,0.0044052863436123,0.009501187648456,-115.67695961995292
tulumaksuvaba maksususteemi tulumaksu,0.0088105726872246,0.014251781472684,-61.757719714964686
alkoholi kange lahja,0.0088105726872246,0.014251781472684,-61.757719714964686
palgatousu opetajate palgatous,0.0044052863436123,0.007125890736342,-61.757719714964686
pensioni pension sammas,0.0044052863436123,0.007125890736342,-61.757719714964686
riigipuha puhade tahtpaevade,0.0044052863436123,0.007125890736342,-61.757719714964686
koolilouna koolitoidu koolitoit,0.0044052863436123,0.007125890736342,-61.757719714964686
valimisliitude volikogusse volikokku,0.0044052863436123,0.007125890736342,-61.757719714964686
kaasne lisakulutusi riigieelarvele,0.0088105726872246,0.01187648456057,-34.79809976247058
kulukuse krediidi kiirlaenude,0.013215859030837,0.014251781472684,-7.8384798099756345
taanis saksamaal hollandis,0.0044052863436123,0.004750593824228,-7.838479809976463
katteallikas katteallikaid katteallikat,0.0044052863436123,0.004750593824228,-7.838479809976463
opositsiooni koalitsioonil opositsioonil,0.0044052863436123,0.004750593824228,-7.838479809976463
borsile ipo enefit,0.0044052863436123,0.004750593824228,-7.838479809976463
palgalohe soolist meeste,0.0044052863436123,0.004750593824228,-7.838479809976463
jarviku jarvik maaeluministri,0.0044052863436123,0.004750593824228,-7.838479809976463
apteeke apteegid apteekide,0.0220264317180616,0.0213776722090261,2.94536817102118
pollumeestele pollumehi pollumehed,0.0088105726872246,0.007125890736342,19.12114014251766
pohiseadusega riigikohus oiguskantsler,0.0088105726872246,0.007125890736342,19.12114014251766
soita jalakaija konniteel,0.0088105726872246,0.007125890736342,19.12114014251766
elektri elektrit taastuvenergia,0.0088105726872246,0.007125890736342,19.12114014251766
ts parvlaeva parvlaevad,0.0044052863436123,0.002375296912114,46.08076009501177
elamisluba elamisloa viisa,0.0044052863436123,0.002375296912114,46.08076009501177
kaibemaksu kaibemaks kaibemaksumaara,0.0044052863436123,0.002375296912114,46.08076009501177
terviseandmed isikuandmeid terviseandmeid,0.0044052863436123,0.002375296912114,46.08076009501177
kala kalurid kalurite,0.0044052863436123,0.002375296912114,46.08076009501177
ulikooliga kbfi instituudi,0.0044052863436123,0.002375296912114,46.08076009501177
metsa metsade mets,0.0044052863436123,0.002375296912114,46.08076009501177
poolte kokkuleppel huvitise,0.0044052863436123,0.002375296912114,46.08076009501177
maksuamet tolliamet tolliameti,0.0088105726872246,0.004750593824228,46.08076009501177
riigiloivude riigiloivud riigiloivu,0.0088105726872246,0.004750593824228,46.08076009501177
prokuratuur prokuratuuri prokuror,0.0088105726872246,0.004750593824228,46.08076009501177
toonadalal istungid taiendaval,0.013215859030837,0.007125890736342,46.08076009501218
leping ratifitseerida lepinguga,0.0088105726872246,0.002375296912114,73.04038004750589
karistuse karistus tingimisi,0.0088105726872246,0.002375296912114,73.04038004750589
aasia aasias saatkonna,0.0088105726872246,0.002375296912114,73.04038004750589
kodakondsust kodakondsuse kodanikuks,0.0088105726872246,0.002375296912114,73.04038004750589
jaatmeid liigiti prugi,0.0088105726872246,0.002375296912114,73.04038004750589
tooandja tervisesse maksuvabalt,0.013215859030837,0.004750593824228,64.05384006334145
korterid kortereid korterit,0.013215859030837,0.002375296912114,82.02692003167073
huvigruppe huvigruppide kaasatud,0.0308370044052863,0.014251781472684,53.78350865286753
joustumine joustuma joustada,0.0308370044052863,0.014251781472684,53.78350865286753
krimmi agressiooni ukraina,0.0440528634361233,0.0213776722090261,51.4726840855107
ootuse oigusparase oiguskindluse,0.0220264317180616,0.004750593824228,78.4323040380048
riigiabi komisjonilt loa,0.0220264317180616,0.004750593824228,78.4323040380048
treenerite spordi sport,0.039647577092511,0.014251781472684,64.05384006334145
opositsioonis koalitsiooni opositsiooni,0.039647577092511,0.007125890736342,82.02692003167074
erimargistatud kutust kutuse,0.0484581497797356,0.007125890736342,85.29475275318512
koolis kooli opilased,0.0572687224669603,0.01187648456057,79.2618308057739
psuhhiaatri alaealine psuhhiaatrilist,0.0616740088105726,0.004750593824228,92.29725144214459
elatisraha elatisabi elatise,0.079295154185022,0.009501187648456,88.01794668778048
lasteaia lasteaias lasteaiakoha,0.0220264317180616,0.0,100.0
lapsetoetust lapsetoetus lapsetoetuse,0.0176211453744493,0.0,100.0
hoone rkas hoonet,0.0088105726872246,0.0,100.0
kodualuse maamaksu maamaksust,0.0088105726872246,0.0,100.0
loomi loomade loomad,0.0088105726872246,0.0,100.0
vanemahuvitist vanemahuvitise vanemahuvitis,0.0088105726872246,0.0,100.0
jalitustegevuse jalitustoimingu sideandmete,0.0088105726872246,0.0,100.0
kinnitamise paevakorra paevakord,0.0044052863436123,0.0,100.0
danske filiaali rahapesu,0.0044052863436123,0.0,100.0
normitehnika mojude eeskiri,0.0044052863436123,0.0,100.0
rahvaalgatuse rahvaalgatus rahvahaaletus,0.0044052863436123,0.0,100.0
planeeringu keskkonnamoju keskkonnamojude,0.0044052863436123,0.0,100.0
otsevalimise presidenti presidendi,0.0044052863436123,0.0,100.0
louis freeh kremli,0.0044052863436123,0.0,100.0
liitlaste ohutorje keskmaa,0.0044052863436123,0.0,100.0
rahvuse rahvust rahvusriik,0.0044052863436123,0.0,100.0
energiaagentuur agentuuri agentuur,0.0044052863436123,0.0,100.0
vallaga vald sauga,0.0044052863436123,0.0,100.0
ammendumiseni kaheni pikendada,0.0044052863436123,0.0,100.0
haale valimispaeval valimiste,0.0044052863436123,0.0,100.0
hanke hankija riigihangete,0.0044052863436123,0.0,100.0
uuring uuringut uuringu,0.0,0.0,
rail trassi balticu,0.0,0.0,
annetused annetusi annetuste,0.0,0.0,
tootuli lepitaja ametiuhingute,0.0,0.0,
virumaale virumaa toostusalade,0.0,0.0,
tsernoboli represseeritud oigusvastaselt,0.0,0.0,
tulubaasi tasandusfondi tulumaksuosa,0.0,0.0,
uhistranspordi uhistransport uhistransporti,0.0,0.0,
vee monopolide veeteenuse,0.0,0.0,
erso teatri kontserdi,0.0,0.0,
pensionitous pensionitousu pension,0.0,0.0,
post posti omniva,0.0,0.0,
president ilves presidendi,0.0,0.0,
puude raskusastme puuet,0.0,0.0,
pealinnast tallinnast viljandisse,0.0,0.0,
veb fondi uurimiskomisjon,0.0,0.0,
ulejaagis struktuurses struktuurse,0.0,0.0,
varude varud varu,0.0,0.0,
valdkonnad laekumisest fikseeritakse,0.0,0.0,
riigikontrolor karis riigikontrolori,0.0,0.0,
riigimetsa majandamise noukokku,0.0,0.0,
teekasutustasu autode autod,0.0,0.0,
vaesuses suhtelises vaesuse,0.0,0.0,
riigireformi riigireformist riigireform,0.0,0.0,
utah jordaania energia,0.0,0.0,
skais arendused infosusteemide,0.0,0.0,
rongi rongide rongid,0.0,0.0,
tooandja tooandjal tootaja,0.0,0.0,
magustatud suhkrut joogi,0.0,0.0,
oppelaenu sugava puudega,0.0,0.0,
idapiiri piiririba valjaehitamine,0.0,0.0,
jahimehed jahimeeste jahti,0.0,0.0,
kaitsekulud kaitsekulutused kaitsekulude,0.0,0.0,
kandidaadi kandidaati kandidaat,0.0,0.0,
kandideerima ametikohale kandidaatide,0.0,0.0,
kauguhendus avaksite ettekandjalt,0.0,0.0,
keeleoskust oskuse keeleoskuse,0.0,0.0,
kirik kiriku maarja,0.0,0.0,
kohanimenoukogu vonnu mulgi,0.0,0.0,
kohtutaiturite kohtutaitur kohtutaituri,0.0,0.0,
kolledz kolledzi turi,0.0,0.0,
koneleja konsensuslikud repliigi,0.0,0.0,
koolituse koolitus koolitusele,0.0,0.0,
korruptsiooni korruptsioon korruptsiooniga,0.0,0.0,
kusija vastaja vastasin,0.0,0.0,
laari laar kandidatuuri,0.0,0.0,
lae korgepalgaliste lagi,0.0,0.0,
lipu laevu kaubalaeva,0.0,0.0,
lipud lippude lipp,0.0,0.0,
lng terminali gaasi,0.0,0.0,
inflatsiooni inflatsioon hinnatous,0.0,0.0,
huvihariduse huvitegevuse huviharidus,0.0,0.0,
omandireformi tagastatud omandireform,0.0,0.0,
hooldekodus hoolduse hooldekodu,0.0,0.0,
oiglase virumaale ulemineku,0.0,0.0,
objekti anu raua,0.0,0.0,
nord stream streami,0.0,0.0,
muuseum muuseumi muuseumide,0.0,0.0,
muundatud geneetiliselt gmo,0.0,0.0,
muugimaksu muugimaks paadimaksu,0.0,0.0,
maantee neljarealiseks ppp,0.0,0.0,
muraste kase kompleksi,0.0,0.0,
miili baasvorgu lairiba,0.0,0.0,
memorandumi moistmise memorandum,0.0,0.0,
majandusaasta koondaruanne raamatupidamise,0.0,0.0,
aituma infotundi jahimehed,0.0,0.0,
estonian air airi,0.0,0.0,
haalte kandidaatidele haaletamisest,0.0,0.0,
hadaolukorda eriolukord eriolukorra,0.0,0.0,
haiguspaevade haiguspaevi haiguspaeva,0.0,0.0,
hambaravi hammaste hambad,0.0,0.0,
hansson ardo panga,0.0,0.0,
hiv narkomaania epideemia,0.0,0.0,
annetus erjk annetuse,0.0,0.0,
volakirjade keskpank volakirju,0.0,0.004750593824228,-inf
abipolitseinik abipolitseiniku abipolitseinike,0.0,0.0,
kantsler kantsleri riigisekretar,0.0,0.002375296912114,-inf
teadus teaduse arendustegevuse,0.0,0.01187648456057,-inf
piima toorpiima toodangut,0.0,0.002375296912114,-inf
pagulasi pagulased pagulaste,0.0,0.014251781472684,-inf
teede teehoiuks teedele,0.0,0.002375296912114,-inf
teenistuse teenistuses avalikus,0.0,0.002375296912114,-inf
piirikontrolli schengeni valispiiri,0.0,0.002375296912114,-inf
operatsioonil sojalisel panustamisel,0.0,0.004750593824228,-inf
teenuseid teenused teenust,0.0,0.0190023752969121,-inf
ooteala piiriuletuse piiripunkti,0.0,0.002375296912114,-inf
oigusriik oigusriigi oigusriigist,0.0,0.002375296912114,-inf
oigusloome oigusloomes oiguspoliitika,0.0,0.002375296912114,-inf
noukogudesse ariuhingute noukogudes,0.0,0.009501187648456,-inf
piirilepingu piirileping piirilepingut,0.0,0.004750593824228,-inf
missiooni missioonile missioon,0.0,0.0308788598574821,-inf
piirivalve valvamise valvamine,0.0,0.002375296912114,-inf
liiklussurmade liikluses hukkunute,0.0,0.002375296912114,-inf
tootuid tootute tootu,0.0,0.004750593824228,-inf
aardla pria pealtnagija,0.0,0.0,
uliopilased uliopilastele uliopilaste,0.0,0.007125890736342,-inf
toovoimereformi toovoimega toovoimereform,0.0,0.009501187648456,-inf
lahususe voimude lahusus,0.0,0.002375296912114,-inf
kutsehariduse kutseharidus kutsehariduses,0.0,0.004750593824228,-inf
kusimusena tahtsa tahtsusega,0.0,0.004750593824228,-inf
rahvahaaletuse rahvahaaletus rahvahaaletusel,0.0,0.004750593824228,-inf
suuria euroopasse turgis,0.0,0.014251781472684,-inf
korteriuhistu korteriomanike korteriuhistute,0.0,0.002375296912114,-inf
korterelamute kortermajade kredexi,0.0,0.004750593824228,-inf
korrata stenogrammist vabandan,0.0,0.002375296912114,-inf
konkurss konkursi konkurssi,0.0,0.002375296912114,-inf
kohtla jarve johvi,0.0,0.004750593824228,-inf
tulubaasi omavalitsustele omavalitsuste,0.0,0.004750593824228,-inf
keskkonnaameti uhendamine uhendamise,0.0,0.002375296912114,-inf
pensionifondide pensionifondid fondid,0.0,0.0213776722090261,-inf
kasvavad tuleval kasv,0.0,0.002375296912114,-inf
teatri teater rahvusooper,0.0,0.002375296912114,-inf
maavalitsuste maavalitsused maakonna,0.0,0.002375296912114,-inf
tervist tervis tervisega,0.0,0.002375296912114,-inf
tarbijakaitse amet ametile,0.0,0.002375296912114,-inf
ajakirjandus ajakirjanduse ajakirjandust,0.0,0.002375296912114,-inf
abielu kooselu samasooliste,0.0,0.002375296912114,-inf
etv saateid pbk,0.0,0.007125890736342,-inf
fie fuusilisest isikust,0.0,0.002375296912114,-inf
pensioniiga pensioniea eluiga,0.0,0.002375296912114,-inf
salastatud valisteabe riigisaladuse,0.0,0.004750593824228,-inf
vagivallale vihakone ohutamine,0.0,0.007125890736342,-inf
inimarengu aruanne aruandes,0.0,0.004750593824228,-inf
iive sundimus iibe,0.0,0.002375296912114,-inf
id mobiil kaardi,0.0,0.007125890736342,-inf
untso missioonide liikmesusest,0.0,0.0237529691211401,-inf
vagivalla naistevastase perevagivalla,0.0,0.002375296912114,-inf
hoiu pangad pankade,0.0,0.002375296912114,-inf
riigipalgaliste riigisektoris koondada,0.0,0.004750593824228,-inf
tootuna arvele ariuhingu,0.0,0.002375296912114,-inf
ametiuhingute tooandjate keskliit,0.0,0.004750593824228,-inf
sularaha kommertspangad pangad,0.0,0.01187648456057,-inf
slovakkia ungari portugal,0.0,0.007125890736342,-inf
valimiskomisjon proteste valimiskasti,0.0,0.002375296912114,-inf
kandidaati kandidaat valituks,0.0,0.007125890736342,-inf
talupidajate kaubanduskoja kaubanduskoda,0.0,0.002375296912114,-inf
kaitseliit kaitseliidule kaitseliidu,0.0,0.0166270783847981,-inf
eripensioni valjateenitud staazi,0.0,0.002375296912114,-inf
riigikontrolli auditi auditit,0.0,0.01187648456057,-inf
eriarstide eriarstiabi eriarsti,0.0,0.004750593824228,-inf
samba sammas sambasse,0.0,0.002375296912114,-inf
valismaale valjarande valjaranne,0.0,0.002375296912114,-inf
sigade katku katk,0.0,0.002375296912114,-inf
eelarves riigieelarves reservist,0.0,0.004750593824228,-inf
eelarvele kulude riigieelarvele,0.0,0.007125890736342,-inf
domeenide domeeni interneti,0.0,0.002375296912114,-inf
direktiivi direktiiv ulevotmise,0.0,0.002375296912114,-inf
deklaratsiooni deklaratsioone deklaratsioonis,0.0,0.002375296912114,-inf
volitust kaasuses jarvik,0.0,0.0,
